timestamp,agent.name,rule.description,rule.level,rule.id
"Jan 9, 2026 @ 16:04:55.372",aditys-agent,Wazuh agent disconnected.,3,504
"Jan 9, 2026 @ 15:46:19.698",aditys-agent,WSearch was unavailable to handle a notification event.,5,60775
"Jan 9, 2026 @ 15:46:16.900",aditys-agent,System shutdown initiated.,3,67018
"Jan 9, 2026 @ 15:46:09.363",aditys-agent,Service startup type was changed,3,61104
"Jan 9, 2026 @ 15:40:41.349",aditys-agent,Windows Audit Policy changed,8,60112
"Jan 9, 2026 @ 15:40:41.349",aditys-agent,Windows Audit Policy changed,8,60112
"Jan 9, 2026 @ 15:40:41.316",aditys-agent,Windows Audit Policy changed,8,60112
"Jan 9, 2026 @ 15:40:41.316",aditys-agent,Windows Audit Policy changed,8,60112
"Jan 9, 2026 @ 15:40:41.282",aditys-agent,Windows Audit Policy changed,8,60112
"Jan 9, 2026 @ 15:40:41.282",aditys-agent,Windows Audit Policy changed,8,60112
"Jan 9, 2026 @ 15:40:41.247",aditys-agent,Windows Audit Policy changed,8,60112
"Jan 9, 2026 @ 15:40:41.247",aditys-agent,Windows Audit Policy changed,8,60112
"Jan 9, 2026 @ 15:40:41.213",aditys-agent,Windows Audit Policy changed,8,60112
"Jan 9, 2026 @ 15:40:41.213",aditys-agent,Windows Audit Policy changed,8,60112
"Jan 9, 2026 @ 15:40:41.185",aditys-agent,Windows Audit Policy changed,8,60112
"Jan 9, 2026 @ 15:40:41.185",aditys-agent,Windows Audit Policy changed,8,60112
"Jan 9, 2026 @ 15:40:41.167",aditys-agent,Windows Audit Policy changed,8,60112
"Jan 9, 2026 @ 15:40:41.153",aditys-agent,Windows Audit Policy changed,8,60112
"Jan 9, 2026 @ 15:40:41.137",aditys-agent,Windows Audit Policy changed,8,60112
"Jan 9, 2026 @ 15:40:41.125",aditys-agent,Windows Audit Policy changed,8,60112
"Jan 9, 2026 @ 15:40:41.101",aditys-agent,Windows Audit Policy changed,8,60112
"Jan 9, 2026 @ 15:40:41.101",aditys-agent,Windows Audit Policy changed,8,60112
"Jan 9, 2026 @ 15:40:41.101",aditys-agent,A process was created.,3,67027
"Jan 9, 2026 @ 15:39:39.482",aditys-agent,A process was created.,3,67027
"Jan 9, 2026 @ 15:39:39.408",aditys-agent,A process was created.,3,67027
"Jan 9, 2026 @ 15:39:37.705",aditys-agent,A process was created.,3,67027
"Jan 9, 2026 @ 15:39:29.780",aditys-agent,A process was created.,3,67027
"Jan 9, 2026 @ 15:39:29.770",aditys-agent,A process was created.,3,67027
"Jan 9, 2026 @ 15:38:06.233",aditys-agent,A process was created.,3,67027
"Jan 9, 2026 @ 15:37:55.644",aditys-agent,A process was created.,3,67027
"Jan 9, 2026 @ 15:37:55.586",aditys-agent,A process was created.,3,67027
"Jan 9, 2026 @ 15:37:48.154",aditys-agent,A process was created.,3,67027
"Jan 9, 2026 @ 15:36:23.062",aditys-agent,A process was created.,3,67027
"Jan 9, 2026 @ 15:36:18.460",aditys-agent,A process was created.,3,67027
"Jan 9, 2026 @ 15:36:18.459",aditys-agent,A process was created.,3,67027
"Jan 9, 2026 @ 15:36:16.300",aditys-agent,A process was created.,3,67027
"Jan 9, 2026 @ 15:36:16.300",aditys-agent,A process was created.,3,67027
"Jan 9, 2026 @ 15:36:08.315",aditys-agent,A process was created.,3,67027
"Jan 9, 2026 @ 15:36:08.315",aditys-agent,A process was created.,3,67027
"Jan 9, 2026 @ 15:36:08.315",aditys-agent,A process was created.,3,67027
"Jan 9, 2026 @ 15:35:18.926",aditys-agent,A process was created.,3,67027
"Jan 9, 2026 @ 15:35:18.854",aditys-agent,A process was created.,3,67027
"Jan 9, 2026 @ 15:34:32.909",aditys-agent,A process was created.,3,67027
"Jan 9, 2026 @ 15:34:12.754",aditys-agent,A process was created.,3,67027
"Jan 9, 2026 @ 15:34:10.173",aditys-agent,A process was created.,3,67027
"Jan 9, 2026 @ 15:34:10.164",aditys-agent,A process was created.,3,67027
"Jan 9, 2026 @ 15:33:35.329",aditys-agent,A process was created.,3,67027
"Jan 9, 2026 @ 15:30:54.038",aditys-agent,A process was created.,3,67027
"Jan 9, 2026 @ 15:30:18.216",aditys-agent,A process was created.,3,67027
"Jan 9, 2026 @ 15:30:18.208",aditys-agent,A process was created.,3,67027
"Jan 9, 2026 @ 15:27:42.574",aditys-agent,A process was created.,3,67027
"Jan 9, 2026 @ 15:27:03.407",aditys-agent,A process was created.,3,67027
"Jan 9, 2026 @ 15:27:03.406",aditys-agent,A process was created.,3,67027
"Jan 9, 2026 @ 15:27:03.406",aditys-agent,A process was created.,3,67027
"Jan 9, 2026 @ 15:27:03.406",aditys-agent,A process was created.,3,67027
"Jan 9, 2026 @ 15:27:03.405",aditys-agent,A process was created.,3,67027
"Jan 9, 2026 @ 15:27:03.405",aditys-agent,A process was created.,3,67027
"Jan 9, 2026 @ 15:27:03.404",aditys-agent,A process was created.,3,67027
"Jan 9, 2026 @ 15:27:03.404",aditys-agent,A process was created.,3,67027
"Jan 9, 2026 @ 15:27:03.404",aditys-agent,A process was created.,3,67027
"Jan 9, 2026 @ 15:27:02.257",aditys-agent,A process was created.,3,67027
"Jan 9, 2026 @ 15:27:02.188",aditys-agent,A process was created.,3,67027
"Jan 9, 2026 @ 15:27:02.187",aditys-agent,A process was created.,3,67027
"Jan 9, 2026 @ 15:27:02.187",aditys-agent,A process was created.,3,67027
"Jan 9, 2026 @ 15:25:56.461",aditys-agent,A process was created.,3,67027
"Jan 9, 2026 @ 15:24:53.945",aditys-agent,A process was created.,3,67027
"Jan 9, 2026 @ 15:24:43.124",aditys-agent,A process was created.,3,67027
"Jan 9, 2026 @ 15:24:43.114",aditys-agent,A process was created.,3,67027
"Jan 9, 2026 @ 15:24:43.106",aditys-agent,A process was created.,3,67027
"Jan 9, 2026 @ 15:24:41.412",aditys-agent,A process was created.,3,67027
"Jan 9, 2026 @ 15:23:59.250",aditys-agent,A process was created.,3,67027
"Jan 9, 2026 @ 15:23:59.250",aditys-agent,A process was created.,3,67027
"Jan 9, 2026 @ 15:23:59.250",aditys-agent,A process was created.,3,67027
"Jan 9, 2026 @ 15:23:55.813",aditys-agent,A process was created.,3,67027
"Jan 9, 2026 @ 15:23:49.149",aditys-agent,A process was created.,3,67027
"Jan 9, 2026 @ 15:19:23.926",aditys-agent,A process was created.,3,67027
"Jan 9, 2026 @ 15:19:23.916",aditys-agent,A process was created.,3,67027
"Jan 9, 2026 @ 15:19:23.916",aditys-agent,A process was created.,3,67027
"Jan 9, 2026 @ 15:19:23.916",aditys-agent,A process was created.,3,67027
"Jan 9, 2026 @ 15:19:22.583",aditys-agent,A process was created.,3,67027
"Jan 9, 2026 @ 15:18:17.798",aditys-agent,A process was created.,3,67027
"Jan 9, 2026 @ 15:17:55.258",aditys-agent,A process was created.,3,67027
"Jan 9, 2026 @ 15:17:55.175",aditys-agent,A process was created.,3,67027
"Jan 9, 2026 @ 15:17:55.159",aditys-agent,A process was created.,3,67027
"Jan 9, 2026 @ 15:17:55.140",aditys-agent,A process was created.,3,67027
"Jan 9, 2026 @ 15:17:55.123",aditys-agent,A process was created.,3,67027
"Jan 9, 2026 @ 15:17:55.110",aditys-agent,A process was created.,3,67027
"Jan 9, 2026 @ 15:17:55.098",aditys-agent,A process was created.,3,67027
"Jan 9, 2026 @ 15:17:43.264",aditys-agent,A process was created.,3,67027
"Jan 9, 2026 @ 15:17:32.870",aditys-agent,A process was created.,3,67027
"Jan 9, 2026 @ 15:17:32.869",aditys-agent,A process was created.,3,67027
"Jan 9, 2026 @ 15:17:32.869",aditys-agent,A process was created.,3,67027
"Jan 9, 2026 @ 15:15:34.668",aditys-agent,A process was created.,3,67027
"Jan 9, 2026 @ 15:15:34.612",aditys-agent,A process was created.,3,67027
"Jan 9, 2026 @ 15:12:56.474",aditys-agent,A process was created.,3,67027
"Jan 9, 2026 @ 15:12:56.419",aditys-agent,A process was created.,3,67027
"Jan 9, 2026 @ 15:12:16.375",aditys-agent,A process was created.,3,67027
"Jan 9, 2026 @ 15:12:16.375",aditys-agent,A process was created.,3,67027
"Jan 9, 2026 @ 15:11:29.003",aditys-agent,A process was created.,3,67027
"Jan 9, 2026 @ 15:07:38.542",aditys-agent,A process was created.,3,67027
"Jan 9, 2026 @ 15:07:38.483",aditys-agent,A process was created.,3,67027
"Jan 9, 2026 @ 15:07:14.964",aditys-agent,A process was created.,3,67027
"Jan 9, 2026 @ 15:07:14.963",aditys-agent,A process was created.,3,67027
"Jan 9, 2026 @ 15:07:14.963",aditys-agent,A process was created.,3,67027
"Jan 9, 2026 @ 15:06:42.182",aditys-agent,A process was created.,3,67027
"Jan 9, 2026 @ 15:06:16.944",aditys-agent,A process was created.,3,67027
"Jan 9, 2026 @ 15:04:45.092",aditys-agent,A process was created.,3,67027
"Jan 9, 2026 @ 15:04:45.091",aditys-agent,A process was created.,3,67027
"Jan 9, 2026 @ 15:04:45.091",aditys-agent,A process was created.,3,67027
"Jan 9, 2026 @ 15:04:45.091",aditys-agent,A process was created.,3,67027
"Jan 9, 2026 @ 15:04:13.664",aditys-agent,A process was created.,3,67027
"Jan 9, 2026 @ 15:03:45.519",aditys-agent,A process was created.,3,67027
"Jan 9, 2026 @ 15:02:57.921",aditys-agent,A process was created.,3,67027
"Jan 9, 2026 @ 15:02:57.913",aditys-agent,A process was created.,3,67027
"Jan 9, 2026 @ 15:02:49.393",aditys-agent,A process was created.,3,67027
"Jan 9, 2026 @ 15:02:49.281",aditys-agent,A process was created.,3,67027
"Jan 9, 2026 @ 15:02:49.230",aditys-agent,A process was created.,3,67027
"Jan 9, 2026 @ 15:02:46.726",aditys-agent,A process was created.,3,67027
"Jan 9, 2026 @ 15:02:36.123",aditys-agent,Software protection service scheduled successfully.,3,60642
"Jan 9, 2026 @ 15:02:03.796",aditys-agent,A process was created.,3,67027
"Jan 9, 2026 @ 15:02:02.572",aditys-agent,A process was created.,3,67027
"Jan 9, 2026 @ 15:02:01.100",aditys-agent,A process was created.,3,67027
"Jan 9, 2026 @ 15:02:01.100",aditys-agent,A process was created.,3,67027
"Jan 9, 2026 @ 15:02:01.091",aditys-agent,A process was created.,3,67027
"Jan 9, 2026 @ 15:01:43.004",aditys-agent,A process was created.,3,67027
"Jan 9, 2026 @ 15:01:42.945",aditys-agent,A process was created.,3,67027
"Jan 9, 2026 @ 15:01:40.179",aditys-agent,A process was created.,3,67027
"Jan 9, 2026 @ 15:01:40.165",aditys-agent,A process was created.,3,67027
"Jan 9, 2026 @ 15:01:40.165",aditys-agent,A process was created.,3,67027
"Jan 9, 2026 @ 15:01:40.165",aditys-agent,A process was created.,3,67027
"Jan 9, 2026 @ 14:59:00.420",aditys-agent,Software protection service scheduled successfully.,3,60642
"Jan 9, 2026 @ 14:58:48.996",aditys-agent,A process was created.,3,67027
"Jan 9, 2026 @ 14:58:48.987",aditys-agent,A process was created.,3,67027
"Jan 9, 2026 @ 14:58:48.987",aditys-agent,A process was created.,3,67027
"Jan 9, 2026 @ 14:58:48.980",aditys-agent,A process was created.,3,67027
"Jan 9, 2026 @ 14:58:47.330",aditys-agent,A process was created.,3,67027
"Jan 9, 2026 @ 14:58:32.354",aditys-agent,A process was created.,3,67027
"Jan 9, 2026 @ 14:58:28.910",aditys-agent,A process was created.,3,67027
"Jan 9, 2026 @ 14:58:26.816",aditys-agent,A process was created.,3,67027
"Jan 9, 2026 @ 14:58:26.810",aditys-agent,A process was created.,3,67027
"Jan 9, 2026 @ 14:58:26.809",aditys-agent,A process was created.,3,67027
"Jan 9, 2026 @ 14:58:07.699",aditys-agent,A process was created.,3,67027
"Jan 9, 2026 @ 14:58:07.637",aditys-agent,A process was created.,3,67027
"Jan 9, 2026 @ 14:56:30.960",aditys-agent,A process was created.,3,67027
"Jan 9, 2026 @ 14:56:30.960",aditys-agent,A process was created.,3,67027
"Jan 9, 2026 @ 14:54:46.122",aditys-agent,A process was created.,3,67027
"Jan 9, 2026 @ 14:54:12.176",aditys-agent,A process was created.,3,67027
"Jan 9, 2026 @ 14:53:35.019",aditys-agent,A process was created.,3,67027
"Jan 9, 2026 @ 14:53:35.015",aditys-agent,A process was created.,3,67027
"Jan 9, 2026 @ 14:53:35.013",aditys-agent,A process was created.,3,67027
"Jan 9, 2026 @ 14:53:25.806",aditys-agent,A process was created.,3,67027
"Jan 9, 2026 @ 14:51:50.244",aditys-agent,A process was created.,3,67027
"Jan 9, 2026 @ 14:51:50.181",aditys-agent,A process was created.,3,67027
"Jan 9, 2026 @ 14:51:17.877",aditys-agent,A process was created.,3,67027
"Jan 9, 2026 @ 14:50:24.317",aditys-agent,A process was created.,3,67027
"Jan 9, 2026 @ 14:50:24.317",aditys-agent,A process was created.,3,67027
"Jan 9, 2026 @ 14:49:11.195",aditys-agent,A process was created.,3,67027
"Jan 9, 2026 @ 14:49:11.135",aditys-agent,A process was created.,3,67027
"Jan 9, 2026 @ 14:47:59.070",aditys-agent,A process was created.,3,67027
"Jan 9, 2026 @ 14:47:58.985",aditys-agent,A process was created.,3,67027
"Jan 9, 2026 @ 14:47:58.904",aditys-agent,A process was created.,3,67027
"Jan 9, 2026 @ 14:47:38.469",aditys-agent,A process was created.,3,67027
"Jan 9, 2026 @ 14:47:09.405",aditys-agent,A process was created.,3,67027
"Jan 9, 2026 @ 14:46:53.481",aditys-agent,A process was created.,3,67027
"Jan 9, 2026 @ 14:46:53.462",aditys-agent,A process was created.,3,67027
"Jan 9, 2026 @ 14:46:53.445",aditys-agent,A process was created.,3,67027
"Jan 9, 2026 @ 14:46:53.431",aditys-agent,A process was created.,3,67027
"Jan 9, 2026 @ 14:46:52.548",aditys-agent,A process was created.,3,67027
"Jan 9, 2026 @ 14:46:52.468",aditys-agent,A process was created.,3,67027
"Jan 9, 2026 @ 14:46:49.224",aditys-agent,A process was created.,3,67027
"Jan 9, 2026 @ 14:45:43.782",aditys-agent,A process was created.,3,67027
"Jan 9, 2026 @ 14:45:20.707",aditys-agent,A process was created.,3,67027
"Jan 9, 2026 @ 14:45:15.273",aditys-agent,A process was created.,3,67027
"Jan 9, 2026 @ 14:45:11.329",aditys-agent,A process was created.,3,67027
"Jan 9, 2026 @ 14:45:11.313",aditys-agent,A process was created.,3,67027
"Jan 9, 2026 @ 14:45:08.904",aditys-agent,A process was created.,3,67027
"Jan 9, 2026 @ 14:45:07.964",aditys-agent,A process was created.,3,67027
"Jan 9, 2026 @ 14:45:07.964",aditys-agent,A process was created.,3,67027
"Jan 9, 2026 @ 14:45:07.964",aditys-agent,A process was created.,3,67027
"Jan 9, 2026 @ 14:45:04.180",aditys-agent,A process was created.,3,67027
"Jan 9, 2026 @ 14:45:04.180",aditys-agent,A process was created.,3,67027
"Jan 9, 2026 @ 14:45:04.180",aditys-agent,A process was created.,3,67027
"Jan 9, 2026 @ 14:43:44.749",aditys-agent,A process was created.,3,67027
"Jan 9, 2026 @ 14:42:22.214",aditys-agent,A process was created.,3,67027
"Jan 9, 2026 @ 14:42:18.008",aditys-agent,A process was created.,3,67027
"Jan 9, 2026 @ 14:42:17.999",aditys-agent,A process was created.,3,67027
"Jan 9, 2026 @ 14:41:47.790",aditys-agent,A process was created.,3,67027
"Jan 9, 2026 @ 14:41:04.798",aditys-agent,A process was created.,3,67027
"Jan 9, 2026 @ 14:41:04.798",aditys-agent,A process was created.,3,67027
"Jan 9, 2026 @ 14:41:04.798",aditys-agent,A process was created.,3,67027
"Jan 9, 2026 @ 14:40:53.293",aditys-agent,A process was created.,3,67027
"Jan 9, 2026 @ 14:40:53.287",aditys-agent,A process was created.,3,67027
"Jan 9, 2026 @ 14:40:51.033",aditys-agent,A process was created.,3,67027
"Jan 9, 2026 @ 14:40:51.025",aditys-agent,A process was created.,3,67027
"Jan 9, 2026 @ 14:40:39.818",aditys-agent,A process was created.,3,67027
"Jan 9, 2026 @ 14:39:29.323",aditys-agent,A process was created.,3,67027
"Jan 9, 2026 @ 14:39:29.265",aditys-agent,A process was created.,3,67027
"Jan 9, 2026 @ 14:33:53.204",aditys-agent,A process was created.,3,67027
"Jan 9, 2026 @ 14:33:30.949",aditys-agent,A process was created.,3,67027
"Jan 9, 2026 @ 14:33:30.949",aditys-agent,A process was created.,3,67027
"Jan 9, 2026 @ 14:33:30.949",aditys-agent,A process was created.,3,67027
"Jan 9, 2026 @ 14:33:13.882",aditys-agent,A process was created.,3,67027
"Jan 9, 2026 @ 14:33:13.833",aditys-agent,A process was created.,3,67027
"Jan 9, 2026 @ 14:33:12.178",aditys-agent,A process was created.,3,67027
"Jan 9, 2026 @ 14:33:12.177",aditys-agent,A process was created.,3,67027
"Jan 9, 2026 @ 14:33:12.162",aditys-agent,A process was created.,3,67027
"Jan 9, 2026 @ 14:33:12.159",aditys-agent,A process was created.,3,67027
"Jan 9, 2026 @ 14:33:12.127",aditys-agent,A process was created.,3,67027
"Jan 9, 2026 @ 14:33:12.118",aditys-agent,A process was created.,3,67027
"Jan 9, 2026 @ 14:30:21.287",aditys-agent,A process was created.,3,67027
"Jan 9, 2026 @ 14:29:56.574",aditys-agent,A process was created.,3,67027
"Jan 9, 2026 @ 14:29:34.713",aditys-agent,A process was created.,3,67027
"Jan 9, 2026 @ 14:29:34.713",aditys-agent,Windows Audit Policy changed,8,60112
"Jan 9, 2026 @ 14:29:14.965",aditys-agent,A process was created.,3,67027
"Jan 9, 2026 @ 14:29:01.331",aditys-agent,A process was created.,3,67027
"Jan 9, 2026 @ 14:28:46.855",aditys-agent,Windows Audit Policy changed,8,60112
"Jan 9, 2026 @ 14:28:46.794",aditys-agent,A process was created.,3,67027
"Jan 9, 2026 @ 14:28:46.763",aditys-agent,Windows Audit Policy changed,8,60112
"Jan 9, 2026 @ 14:28:46.731",aditys-agent,A process was created.,3,67027
"Jan 9, 2026 @ 14:28:46.725",aditys-agent,A process was created.,3,67027
"Jan 9, 2026 @ 14:26:48.163",aditys-agent,A process was created.,3,67027
"Jan 9, 2026 @ 14:26:48.107",aditys-agent,A process was created.,3,67027
"Jan 9, 2026 @ 14:26:48.088",aditys-agent,A process was created.,3,67027
"Jan 9, 2026 @ 14:26:48.081",aditys-agent,A process was created.,3,67027
"Jan 9, 2026 @ 14:26:48.081",aditys-agent,A process was created.,3,67027
"Jan 9, 2026 @ 14:26:48.081",aditys-agent,A process was created.,3,67027
"Jan 9, 2026 @ 14:26:16.277",aditys-agent,Software protection service scheduled successfully.,3,60642
"Jan 9, 2026 @ 14:26:15.800",aditys-agent,A process was created.,3,67027
"Jan 9, 2026 @ 14:26:15.786",aditys-agent,A process was created.,3,67027
"Jan 9, 2026 @ 14:26:15.706",aditys-agent,A process was created.,3,67027
"Jan 9, 2026 @ 14:26:15.690",aditys-agent,A process was created.,3,67027
"Jan 9, 2026 @ 14:26:15.681",aditys-agent,A process was created.,3,67027
"Jan 9, 2026 @ 14:26:15.660",aditys-agent,A process was created.,3,67027
"Jan 9, 2026 @ 14:26:15.584",aditys-agent,A process was created.,3,67027
"Jan 9, 2026 @ 14:26:15.534",aditys-agent,A process was created.,3,67027
"Jan 9, 2026 @ 14:26:15.518",aditys-agent,A process was created.,3,67027
"Jan 9, 2026 @ 14:26:15.502",aditys-agent,A process was created.,3,67027
"Jan 9, 2026 @ 14:26:15.455",aditys-agent,A process was created.,3,67027
"Jan 9, 2026 @ 14:26:15.440",aditys-agent,A process was created.,3,67027
"Jan 9, 2026 @ 14:26:15.424",aditys-agent,A process was created.,3,67027
"Jan 9, 2026 @ 14:26:15.410",aditys-agent,A process was created.,3,67027
"Jan 9, 2026 @ 14:26:15.392",aditys-agent,A process was created.,3,67027
"Jan 9, 2026 @ 14:26:15.383",aditys-agent,A process was created.,3,67027
"Jan 9, 2026 @ 14:26:15.376",aditys-agent,A process was created.,3,67027
"Jan 9, 2026 @ 14:26:15.368",aditys-agent,A process was created.,3,67027
"Jan 9, 2026 @ 14:26:15.340",aditys-agent,A process was created.,3,67027
"Jan 9, 2026 @ 14:26:13.565",aditys-agent,A process was created.,3,67027
"Jan 9, 2026 @ 14:26:13.531",aditys-agent,A process was created.,3,67027
"Jan 9, 2026 @ 14:26:13.517",aditys-agent,A process was created.,3,67027
"Jan 9, 2026 @ 14:26:13.296",aditys-agent,A process was created.,3,67027
"Jan 9, 2026 @ 14:26:13.250",aditys-agent,A process was created.,3,67027
"Jan 9, 2026 @ 14:26:13.242",aditys-agent,A process was created.,3,67027
"Jan 9, 2026 @ 14:26:13.220",aditys-agent,A process was created.,3,67027
"Jan 9, 2026 @ 14:26:13.211",aditys-agent,A process was created.,3,67027
"Jan 9, 2026 @ 14:26:13.204",aditys-agent,A process was created.,3,67027
"Jan 9, 2026 @ 14:26:13.204",aditys-agent,A process was created.,3,67027
"Jan 9, 2026 @ 14:26:13.163",aditys-agent,A process was created.,3,67027
"Jan 9, 2026 @ 14:24:31.477",aditys-agent,A process was created.,3,67027
"Jan 9, 2026 @ 14:24:27.884",aditys-agent,CVE-2025-64660 affects Microsoft Visual Studio Code (User),10,23505
"Jan 9, 2026 @ 14:24:27.865",aditys-agent,CVE-2025-62453 affects Microsoft Visual Studio Code (User),7,23504
"Jan 9, 2026 @ 14:22:37.058",aditys-agent,A process was created.,3,67027
"Jan 9, 2026 @ 14:22:37.049",aditys-agent,A process was created.,3,67027
"Jan 9, 2026 @ 14:22:37.042",aditys-agent,A process was created.,3,67027
"Jan 9, 2026 @ 14:22:36.132",aditys-agent,A process was created.,3,67027
"Jan 9, 2026 @ 14:22:36.060",aditys-agent,A process was created.,3,67027
"Jan 9, 2026 @ 14:22:36.060",aditys-agent,A process was created.,3,67027
"Jan 9, 2026 @ 14:22:36.057",aditys-agent,A process was created.,3,67027
"Jan 9, 2026 @ 14:22:36.055",aditys-agent,A process was created.,3,67027
"Jan 9, 2026 @ 14:22:36.055",aditys-agent,A process was created.,3,67027
"Jan 9, 2026 @ 14:21:19.421",aditys-agent,A process was created.,3,67027
"Jan 9, 2026 @ 14:21:19.352",aditys-agent,A process was created.,3,67027
"Jan 9, 2026 @ 14:18:24.451",aditys-agent,A process was created.,3,67027
"Jan 9, 2026 @ 14:18:07.247",aditys-agent,A process was created.,3,67027
"Jan 9, 2026 @ 14:17:28.263",aditys-agent,A process was created.,3,67027
"Jan 9, 2026 @ 14:16:46.963",aditys-agent,A process was created.,3,67027
"Jan 9, 2026 @ 14:16:32.532",aditys-agent,A process was created.,3,67027
"Jan 9, 2026 @ 14:16:32.472",aditys-agent,A process was created.,3,67027
"Jan 9, 2026 @ 14:14:09.338",aditys-agent,A process was created.,3,67027
"Jan 9, 2026 @ 14:13:21.156",aditys-agent,A process was created.,3,67027
"Jan 9, 2026 @ 14:13:21.097",aditys-agent,A process was created.,3,67027
"Jan 9, 2026 @ 14:12:12.100",aditys-agent,A process was created.,3,67027
"Jan 9, 2026 @ 14:12:12.100",aditys-agent,A process was created.,3,67027
"Jan 9, 2026 @ 14:12:12.100",aditys-agent,Windows Audit Policy changed,8,60112
"Jan 9, 2026 @ 14:12:12.099",aditys-agent,Windows Audit Policy changed,8,60112
"Jan 9, 2026 @ 14:12:12.099",aditys-agent,Windows Audit Policy changed,8,60112
"Jan 9, 2026 @ 14:12:12.099",aditys-agent,A process was created.,3,67027
"Jan 9, 2026 @ 14:11:33.224",aditys-agent,Software protection service scheduled successfully.,3,60642
"Jan 9, 2026 @ 12:52:39.781",aditys-agent,The VSS service is shutting down due to idle timeout.,5,60702
"Jan 9, 2026 @ 12:49:16.226",aditys-agent,Service startup type was changed,3,61104
"Jan 9, 2026 @ 12:47:01.550",aditys-agent,Service startup type was changed,3,61104
"Jan 9, 2026 @ 12:46:24.382",aditys-agent,Logon Failure - Unknown user or bad password,5,60122
"Jan 9, 2026 @ 12:46:24.379",aditys-agent,Logon Failure - Unknown user or bad password,5,60122
"Jan 9, 2026 @ 12:46:24.251",aditys-agent,Logon Failure - Unknown user or bad password,5,60122
"Jan 9, 2026 @ 12:46:24.220",aditys-agent,Logon Failure - Unknown user or bad password,5,60122
"Jan 9, 2026 @ 12:46:21.903",aditys-agent,Multiple Windows Logon Failures,10,60204
"Jan 9, 2026 @ 12:46:21.887",aditys-agent,Logon Failure - Unknown user or bad password,5,60122
"Jan 9, 2026 @ 12:46:21.887",aditys-agent,Logon Failure - Unknown user or bad password,5,60122
"Jan 9, 2026 @ 12:46:21.880",aditys-agent,Logon Failure - Unknown user or bad password,5,60122
"Jan 9, 2026 @ 12:46:19.719",aditys-agent,Logon Failure - Unknown user or bad password,5,60122
"Jan 9, 2026 @ 12:46:19.585",aditys-agent,Logon Failure - Unknown user or bad password,5,60122
"Jan 9, 2026 @ 12:46:19.585",aditys-agent,Logon Failure - Unknown user or bad password,5,60122
"Jan 9, 2026 @ 12:46:19.573",aditys-agent,Logon Failure - Unknown user or bad password,5,60122
"Jan 9, 2026 @ 12:46:17.394",aditys-agent,Multiple Windows Logon Failures,10,60204
"Jan 9, 2026 @ 12:46:17.386",aditys-agent,Logon Failure - Unknown user or bad password,5,60122
"Jan 9, 2026 @ 12:46:17.386",aditys-agent,Logon Failure - Unknown user or bad password,5,60122
"Jan 9, 2026 @ 12:46:17.386",aditys-agent,Logon Failure - Unknown user or bad password,5,60122
"Jan 9, 2026 @ 12:46:15.069",aditys-agent,Logon Failure - Unknown user or bad password,5,60122
"Jan 9, 2026 @ 12:46:15.068",aditys-agent,Logon Failure - Unknown user or bad password,5,60122
"Jan 9, 2026 @ 12:46:15.035",aditys-agent,Logon Failure - Unknown user or bad password,5,60122
"Jan 9, 2026 @ 12:46:15.025",aditys-agent,Logon Failure - Unknown user or bad password,5,60122
"Jan 9, 2026 @ 12:46:12.792",aditys-agent,Multiple Windows Logon Failures,10,60204
"Jan 9, 2026 @ 12:46:12.780",aditys-agent,Logon Failure - Unknown user or bad password,5,60122
"Jan 9, 2026 @ 12:46:12.772",aditys-agent,Logon Failure - Unknown user or bad password,5,60122
"Jan 9, 2026 @ 12:46:12.762",aditys-agent,Logon Failure - Unknown user or bad password,5,60122
"Jan 9, 2026 @ 12:46:10.539",aditys-agent,Logon Failure - Unknown user or bad password,5,60122
"Jan 9, 2026 @ 12:46:10.523",aditys-agent,Logon Failure - Unknown user or bad password,5,60122
"Jan 9, 2026 @ 12:46:10.523",aditys-agent,Logon Failure - Unknown user or bad password,5,60122
"Jan 9, 2026 @ 12:46:10.509",aditys-agent,Logon Failure - Unknown user or bad password,5,60122
"Jan 9, 2026 @ 12:46:08.338",aditys-agent,Multiple Windows Logon Failures,10,60204
"Jan 9, 2026 @ 12:46:08.308",aditys-agent,Logon Failure - Unknown user or bad password,5,60122
"Jan 9, 2026 @ 12:46:08.272",aditys-agent,Logon Failure - Unknown user or bad password,5,60122
"Jan 9, 2026 @ 12:46:08.261",aditys-agent,Logon Failure - Unknown user or bad password,5,60122
"Jan 9, 2026 @ 12:46:06.039",aditys-agent,Logon Failure - Unknown user or bad password,5,60122
"Jan 9, 2026 @ 12:46:06.025",aditys-agent,Logon Failure - Unknown user or bad password,5,60122
"Jan 9, 2026 @ 12:46:06.018",aditys-agent,Logon Failure - Unknown user or bad password,5,60122
"Jan 9, 2026 @ 12:46:06.010",aditys-agent,Logon Failure - Unknown user or bad password,5,60122
"Jan 9, 2026 @ 12:46:03.809",aditys-agent,Multiple Windows Logon Failures,10,60204
"Jan 9, 2026 @ 12:46:03.775",aditys-agent,Logon Failure - Unknown user or bad password,5,60122
"Jan 9, 2026 @ 12:46:03.775",aditys-agent,Logon Failure - Unknown user or bad password,5,60122
"Jan 9, 2026 @ 12:46:03.763",aditys-agent,Logon Failure - Unknown user or bad password,5,60122
"Jan 9, 2026 @ 12:46:01.527",aditys-agent,Logon Failure - Unknown user or bad password,5,60122
"Jan 9, 2026 @ 12:46:01.520",aditys-agent,Logon Failure - Unknown user or bad password,5,60122
"Jan 9, 2026 @ 12:46:01.520",aditys-agent,Logon Failure - Unknown user or bad password,5,60122
"Jan 9, 2026 @ 12:46:01.502",aditys-agent,Logon Failure - Unknown user or bad password,5,60122
"Jan 9, 2026 @ 12:45:59.379",aditys-agent,Multiple Windows Logon Failures,10,60204
"Jan 9, 2026 @ 12:45:59.326",aditys-agent,Logon Failure - Unknown user or bad password,5,60122
"Jan 9, 2026 @ 12:45:59.309",aditys-agent,Logon Failure - Unknown user or bad password,5,60122
"Jan 9, 2026 @ 12:45:59.297",aditys-agent,Logon Failure - Unknown user or bad password,5,60122
"Jan 9, 2026 @ 12:45:57.057",aditys-agent,Logon Failure - Unknown user or bad password,5,60122
"Jan 9, 2026 @ 12:45:57.042",aditys-agent,Logon Failure - Unknown user or bad password,5,60122
"Jan 9, 2026 @ 12:45:57.042",aditys-agent,Logon Failure - Unknown user or bad password,5,60122
"Jan 9, 2026 @ 12:45:57.028",aditys-agent,Logon Failure - Unknown user or bad password,5,60122
"Jan 9, 2026 @ 12:45:54.847",aditys-agent,Multiple Windows Logon Failures,10,60204
"Jan 9, 2026 @ 12:45:54.827",aditys-agent,Logon Failure - Unknown user or bad password,5,60122
"Jan 9, 2026 @ 12:45:54.820",aditys-agent,Logon Failure - Unknown user or bad password,5,60122
"Jan 9, 2026 @ 12:45:54.813",aditys-agent,Logon Failure - Unknown user or bad password,5,60122
"Jan 9, 2026 @ 12:45:52.615",aditys-agent,Logon Failure - Unknown user or bad password,5,60122
"Jan 9, 2026 @ 12:45:52.611",aditys-agent,Logon Failure - Unknown user or bad password,5,60122
"Jan 9, 2026 @ 12:45:52.581",aditys-agent,Logon Failure - Unknown user or bad password,5,60122
"Jan 9, 2026 @ 12:45:52.544",aditys-agent,Logon Failure - Unknown user or bad password,5,60122
"Jan 9, 2026 @ 12:45:50.314",aditys-agent,Multiple Windows Logon Failures,10,60204
"Jan 9, 2026 @ 12:45:50.297",aditys-agent,Logon Failure - Unknown user or bad password,5,60122
"Jan 9, 2026 @ 12:45:50.297",aditys-agent,Logon Failure - Unknown user or bad password,5,60122
"Jan 9, 2026 @ 12:45:50.285",aditys-agent,Logon Failure - Unknown user or bad password,5,60122
"Jan 9, 2026 @ 12:45:48.083",aditys-agent,Logon Failure - Unknown user or bad password,5,60122
"Jan 9, 2026 @ 12:45:48.067",aditys-agent,Logon Failure - Unknown user or bad password,5,60122
"Jan 9, 2026 @ 12:45:48.067",aditys-agent,Logon Failure - Unknown user or bad password,5,60122
"Jan 9, 2026 @ 12:45:48.053",aditys-agent,Logon Failure - Unknown user or bad password,5,60122
"Jan 9, 2026 @ 12:45:45.868",aditys-agent,Multiple Windows Logon Failures,10,60204
"Jan 9, 2026 @ 12:45:45.849",aditys-agent,Logon Failure - Unknown user or bad password,5,60122
"Jan 9, 2026 @ 12:45:45.849",aditys-agent,Logon Failure - Unknown user or bad password,5,60122
"Jan 9, 2026 @ 12:45:45.823",aditys-agent,Logon Failure - Unknown user or bad password,5,60122
"Jan 9, 2026 @ 12:45:43.599",aditys-agent,Logon Failure - Unknown user or bad password,5,60122
"Jan 9, 2026 @ 12:45:43.586",aditys-agent,Logon Failure - Unknown user or bad password,5,60122
"Jan 9, 2026 @ 12:45:43.563",aditys-agent,Logon Failure - Unknown user or bad password,5,60122
"Jan 9, 2026 @ 12:45:43.563",aditys-agent,Logon Failure - Unknown user or bad password,5,60122
"Jan 9, 2026 @ 12:45:41.350",aditys-agent,Multiple Windows Logon Failures,10,60204
"Jan 9, 2026 @ 12:45:41.334",aditys-agent,Logon Failure - Unknown user or bad password,5,60122
"Jan 9, 2026 @ 12:45:41.334",aditys-agent,Logon Failure - Unknown user or bad password,5,60122
"Jan 9, 2026 @ 12:45:41.319",aditys-agent,Logon Failure - Unknown user or bad password,5,60122
"Jan 9, 2026 @ 12:45:39.115",aditys-agent,Logon Failure - Unknown user or bad password,5,60122
"Jan 9, 2026 @ 12:45:39.101",aditys-agent,Logon Failure - Unknown user or bad password,5,60122
"Jan 9, 2026 @ 12:45:39.101",aditys-agent,Logon Failure - Unknown user or bad password,5,60122
"Jan 9, 2026 @ 12:45:39.085",aditys-agent,Logon Failure - Unknown user or bad password,5,60122
"Jan 9, 2026 @ 12:45:36.899",aditys-agent,Logon Failure - Unknown user or bad password,5,60122
"Jan 9, 2026 @ 12:45:36.865",aditys-agent,Multiple Windows Logon Failures,10,60204
"Jan 9, 2026 @ 12:45:36.847",aditys-agent,Logon Failure - Unknown user or bad password,5,60122
"Jan 9, 2026 @ 12:45:36.836",aditys-agent,Logon Failure - Unknown user or bad password,5,60122
"Jan 9, 2026 @ 12:45:34.698",aditys-agent,Logon Failure - Unknown user or bad password,5,60122
"Jan 9, 2026 @ 12:45:34.684",aditys-agent,Logon Failure - Unknown user or bad password,5,60122
"Jan 9, 2026 @ 12:45:34.684",aditys-agent,Logon Failure - Unknown user or bad password,5,60122
"Jan 9, 2026 @ 12:45:34.678",aditys-agent,Logon Failure - Unknown user or bad password,5,60122
"Jan 9, 2026 @ 12:45:34.584",aditys-agent,Logon Failure - Unknown user or bad password,5,60122
"Jan 9, 2026 @ 12:45:32.327",aditys-agent,Multiple Windows Logon Failures,10,60204
"Jan 9, 2026 @ 12:45:32.311",aditys-agent,Logon Failure - Unknown user or bad password,5,60122
"Jan 9, 2026 @ 12:45:32.311",aditys-agent,Logon Failure - Unknown user or bad password,5,60122
"Jan 9, 2026 @ 12:45:32.298",aditys-agent,Logon Failure - Unknown user or bad password,5,60122
"Jan 9, 2026 @ 12:45:30.130",aditys-agent,Logon Failure - Unknown user or bad password,5,60122
"Jan 9, 2026 @ 12:45:30.100",aditys-agent,Logon Failure - Unknown user or bad password,5,60122
"Jan 9, 2026 @ 12:45:30.082",aditys-agent,Logon Failure - Unknown user or bad password,5,60122
"Jan 9, 2026 @ 12:45:30.082",aditys-agent,Logon Failure - Unknown user or bad password,5,60122
"Jan 9, 2026 @ 12:45:30.057",aditys-agent,Multiple Windows Logon Failures,10,60204
"Jan 9, 2026 @ 12:45:27.821",aditys-agent,Logon Failure - Unknown user or bad password,5,60122
"Jan 9, 2026 @ 12:45:27.797",aditys-agent,Logon Failure - Unknown user or bad password,5,60122
"Jan 9, 2026 @ 12:45:27.797",aditys-agent,Logon Failure - Unknown user or bad password,5,60122
"Jan 9, 2026 @ 12:45:27.784",aditys-agent,Logon Failure - Unknown user or bad password,5,60122
"Jan 9, 2026 @ 12:45:25.928",aditys-agent,Logon Failure - Unknown user or bad password,5,60122
"Jan 9, 2026 @ 12:45:25.911",aditys-agent,Logon Failure - Unknown user or bad password,5,60122
"Jan 9, 2026 @ 12:45:25.896",aditys-agent,Logon Failure - Unknown user or bad password,5,60122
"Jan 9, 2026 @ 12:45:25.881",aditys-agent,Multiple Windows Logon Failures,10,60204
"Jan 9, 2026 @ 12:45:25.873",aditys-agent,Logon Failure - Unknown user or bad password,5,60122
"Jan 9, 2026 @ 12:44:21.666",aditys-agent,Logon Failure - Unknown user or bad password,5,60122
"Jan 9, 2026 @ 12:44:21.653",aditys-agent,Logon Failure - Unknown user or bad password,5,60122
"Jan 9, 2026 @ 12:44:21.653",aditys-agent,Logon Failure - Unknown user or bad password,5,60122
"Jan 9, 2026 @ 12:44:21.633",aditys-agent,Logon Failure - Unknown user or bad password,5,60122
"Jan 9, 2026 @ 12:44:19.441",aditys-agent,Logon Failure - Unknown user or bad password,5,60122
"Jan 9, 2026 @ 12:44:19.424",aditys-agent,Logon Failure - Unknown user or bad password,5,60122
"Jan 9, 2026 @ 12:44:19.414",aditys-agent,Multiple Windows Logon Failures,10,60204
"Jan 9, 2026 @ 12:44:19.406",aditys-agent,Logon Failure - Unknown user or bad password,5,60122
"Jan 9, 2026 @ 12:44:19.397",aditys-agent,Logon Failure - Unknown user or bad password,5,60122
"Jan 9, 2026 @ 12:44:17.160",aditys-agent,Logon Failure - Unknown user or bad password,5,60122
"Jan 9, 2026 @ 12:44:17.152",aditys-agent,Logon Failure - Unknown user or bad password,5,60122
"Jan 9, 2026 @ 12:44:17.144",aditys-agent,Logon Failure - Unknown user or bad password,5,60122
"Jan 9, 2026 @ 12:43:28.181",aditys-agent,Logon Failure - Unknown user or bad password,5,60122
"Jan 9, 2026 @ 12:43:16.152",aditys-agent,Logon Failure - Unknown user or bad password,5,60122
"Jan 9, 2026 @ 12:41:36.222",aditys-agent,Software protection service scheduled successfully.,3,60642
"Jan 9, 2026 @ 12:38:57.522",aditys-agent,Logon Failure - Unknown user or bad password,5,60122
"Jan 9, 2026 @ 12:38:23.382",aditys-agent,Software protection service scheduled successfully.,3,60642
"Jan 9, 2026 @ 12:36:01.618",aditys-agent,Logon Failure - Unknown user or bad password,5,60122
"Jan 9, 2026 @ 12:35:39.687",aditys-agent,Service startup type was changed,3,61104
"Jan 9, 2026 @ 12:32:09.435",aditys-agent,Software protection service scheduled successfully.,3,60642
"Jan 9, 2026 @ 12:31:15.526",aditys-agent,Service startup type was changed,3,61104
"Jan 9, 2026 @ 12:29:58.496",aditys-agent,CVE-2025-62215 affects Microsoft Windows 10 Pro,10,23505
"Jan 9, 2026 @ 12:29:58.484",aditys-agent,CVE-2025-62213 affects Microsoft Windows 10 Pro,10,23505
"Jan 9, 2026 @ 12:29:58.472",aditys-agent,CVE-2025-62472 affects Microsoft Windows 10 Pro,10,23505
"Jan 9, 2026 @ 12:29:58.460",aditys-agent,CVE-2025-60703 affects Microsoft Windows 10 Pro,10,23505
"Jan 9, 2026 @ 12:29:58.450",aditys-agent,CVE-2025-60724 affects Microsoft Windows 10 Pro,13,23506
"Jan 9, 2026 @ 12:29:58.437",aditys-agent,CVE-2025-60723 affects Microsoft Windows 10 Pro,7,23504
"Jan 9, 2026 @ 12:29:58.426",aditys-agent,CVE-2025-60717 affects Microsoft Windows 10 Pro,10,23505
"Jan 9, 2026 @ 12:29:58.416",aditys-agent,CVE-2025-60716 affects Microsoft Windows 10 Pro,10,23505
"Jan 9, 2026 @ 12:29:58.405",aditys-agent,CVE-2025-62221 affects Microsoft Windows 10 Pro,10,23505
"Jan 9, 2026 @ 12:29:58.394",aditys-agent,CVE-2025-59515 affects Microsoft Windows 10 Pro,10,23505
"Jan 9, 2026 @ 12:29:58.382",aditys-agent,CVE-2025-59511 affects Microsoft Windows 10 Pro,10,23505
"Jan 9, 2026 @ 12:29:58.358",aditys-agent,CVE-2025-60720 affects Microsoft Windows 10 Pro,10,23505
"Jan 9, 2026 @ 12:29:58.347",aditys-agent,CVE-2025-59509 affects Microsoft Windows 10 Pro,7,23504
"Jan 9, 2026 @ 12:29:58.335",aditys-agent,CVE-2025-60715 affects Microsoft Windows 10 Pro,10,23505
"Jan 9, 2026 @ 12:29:58.324",aditys-agent,CVE-2025-55233 affects Microsoft Windows 10 Pro,10,23505
"Jan 9, 2026 @ 12:29:58.314",aditys-agent,CVE-2025-54100 affects Microsoft Windows 10 Pro,10,23505
"Jan 9, 2026 @ 12:29:58.303",aditys-agent,CVE-2025-59510 affects Microsoft Windows 10 Pro,7,23504
"Jan 9, 2026 @ 12:29:58.292",aditys-agent,CVE-2025-59506 affects Microsoft Windows 10 Pro,10,23505
"Jan 9, 2026 @ 12:29:58.280",aditys-agent,CVE-2025-59514 affects Microsoft Windows 10 Pro,10,23505
"Jan 9, 2026 @ 12:29:58.264",aditys-agent,CVE-2025-62463 affects Microsoft Windows 10 Pro,7,23504
"Jan 9, 2026 @ 12:29:58.253",aditys-agent,CVE-2025-62454 affects Microsoft Windows 10 Pro,10,23505
"Jan 9, 2026 @ 12:29:58.243",aditys-agent,CVE-2025-64670 affects Microsoft Windows 10 Pro,7,23504
"Jan 9, 2026 @ 12:29:58.233",aditys-agent,CVE-2025-59516 affects Microsoft Windows 10 Pro,10,23505
"Jan 9, 2026 @ 12:29:58.221",aditys-agent,CVE-2025-60706 affects Microsoft Windows 10 Pro,7,23504
"Jan 9, 2026 @ 12:29:58.209",aditys-agent,CVE-2025-62466 affects Microsoft Windows 10 Pro,10,23505
"Jan 9, 2026 @ 12:29:58.199",aditys-agent,CVE-2025-60709 affects Microsoft Windows 10 Pro,10,23505
"Jan 9, 2026 @ 12:29:58.183",aditys-agent,CVE-2025-60719 affects Microsoft Windows 10 Pro,10,23505
"Jan 9, 2026 @ 12:29:58.170",aditys-agent,CVE-2025-62565 affects Microsoft Windows 10 Pro,10,23505
"Jan 9, 2026 @ 12:29:58.160",aditys-agent,CVE-2025-64673 affects Microsoft Windows 10 Pro,10,23505
"Jan 9, 2026 @ 12:29:58.146",aditys-agent,CVE-2025-60707 affects Microsoft Windows 10 Pro,10,23505
"Jan 9, 2026 @ 12:29:58.136",aditys-agent,CVE-2025-62573 affects Microsoft Windows 10 Pro,10,23505
"Jan 9, 2026 @ 12:29:58.125",aditys-agent,CVE-2025-62473 affects Microsoft Windows 10 Pro,7,23504
"Jan 9, 2026 @ 12:29:58.114",aditys-agent,CVE-2025-59512 affects Microsoft Windows 10 Pro,10,23505
"Jan 9, 2026 @ 12:29:58.101",aditys-agent,CVE-2025-60705 affects Microsoft Windows 10 Pro,10,23505
"Jan 9, 2026 @ 12:29:58.090",aditys-agent,CVE-2025-62474 affects Microsoft Windows 10 Pro,10,23505
"Jan 9, 2026 @ 12:29:58.079",aditys-agent,CVE-2025-59505 affects Microsoft Windows 10 Pro,10,23505
"Jan 9, 2026 @ 12:29:58.066",aditys-agent,CVE-2025-62458 affects Microsoft Windows 10 Pro,10,23505
"Jan 9, 2026 @ 12:29:58.055",aditys-agent,CVE-2025-62571 affects Microsoft Windows 10 Pro,10,23505
"Jan 9, 2026 @ 12:29:58.044",aditys-agent,CVE-2025-64658 affects Microsoft Windows 10 Pro,10,23505
"Jan 9, 2026 @ 12:29:58.033",aditys-agent,CVE-2025-62470 affects Microsoft Windows 10 Pro,10,23505
"Jan 9, 2026 @ 12:29:58.022",aditys-agent,CVE-2025-62457 affects Microsoft Windows 10 Pro,10,23505
"Jan 9, 2026 @ 12:29:58.012",aditys-agent,CVE-2025-60704 affects Microsoft Windows 10 Pro,10,23505
"Jan 9, 2026 @ 12:29:58.001",aditys-agent,CVE-2025-59507 affects Microsoft Windows 10 Pro,10,23505
"Jan 9, 2026 @ 12:29:57.990",aditys-agent,CVE-2025-60714 affects Microsoft Windows 10 Pro,10,23505
"Jan 9, 2026 @ 12:29:57.979",aditys-agent,CVE-2025-64661 affects Microsoft Windows 10 Pro,10,23505
"Jan 9, 2026 @ 12:29:57.967",aditys-agent,CVE-2025-59513 affects Microsoft Windows 10 Pro,7,23504
"Jan 9, 2026 @ 12:29:57.952",aditys-agent,CVE-2025-60708 affects Microsoft Windows 10 Pro,7,23504
"Jan 9, 2026 @ 12:29:57.941",aditys-agent,CVE-2025-62549 affects Microsoft Windows 10 Pro,10,23505
"Jan 9, 2026 @ 12:29:57.929",aditys-agent,CVE-2025-62467 affects Microsoft Windows 10 Pro,10,23505
"Jan 9, 2026 @ 12:29:57.918",aditys-agent,CVE-2025-62217 affects Microsoft Windows 10 Pro,10,23505
"Jan 9, 2026 @ 12:29:57.904",aditys-agent,CVE-2025-64678 affects Microsoft Windows 10 Pro,10,23505
"Jan 9, 2026 @ 12:29:57.893",aditys-agent,CVE-2025-62567 affects Microsoft Windows 10 Pro,7,23504
"Jan 9, 2026 @ 12:29:57.882",aditys-agent,CVE-2025-62218 affects Microsoft Windows 10 Pro,10,23505
"Jan 9, 2026 @ 12:29:57.861",aditys-agent,CVE-2025-62219 affects Microsoft Windows 10 Pro,10,23505
"Jan 9, 2026 @ 12:29:57.830",aditys-agent,CVE-2025-62452 affects Microsoft Windows 10 Pro,10,23505
"Jan 9, 2026 @ 12:29:57.810",aditys-agent,CVE-2025-59508 affects Microsoft Windows 10 Pro,10,23505
"Jan 9, 2026 @ 12:29:57.798",aditys-agent,CVE-2025-62455 affects Microsoft Windows 10 Pro,10,23505
"Jan 9, 2026 @ 12:29:57.786",aditys-agent,CVE-2025-62461 affects Microsoft Windows 10 Pro,10,23505
"Jan 9, 2026 @ 12:29:57.776",aditys-agent,CVE-2025-59517 affects Microsoft Windows 10 Pro,10,23505
"Jan 9, 2026 @ 12:29:57.761",aditys-agent,CVE-2025-62462 affects Microsoft Windows 10 Pro,10,23505
"Jan 9, 2026 @ 12:29:57.750",aditys-agent,CVE-2025-62464 affects Microsoft Windows 10 Pro,10,23505
"Jan 9, 2026 @ 12:28:56.400",aditys-agent,Windows System error event,5,61102
"Jan 9, 2026 @ 12:28:56.338",aditys-agent,Service startup type was changed,3,61104
"Jan 9, 2026 @ 12:28:54.008",aditys-agent,System time changed,5,60132
"Jan 9, 2026 @ 12:28:51.871",aditys-agent,Non service account logged off.,3,67023
"Jan 9, 2026 @ 12:28:51.864",aditys-agent,Non service account logged off.,3,67023
"Jan 9, 2026 @ 12:28:51.833",aditys-agent,Non service account logged off.,3,67023
"Jan 9, 2026 @ 12:28:51.818",aditys-agent,Non service account logged off.,3,67023
"Jan 9, 2026 @ 12:28:51.804",aditys-agent,Special privileges assigned to new logon.,3,67028
"Jan 9, 2026 @ 12:28:51.787",aditys-agent,Non network or service local logon.,3,67022
"Jan 9, 2026 @ 12:28:51.772",aditys-agent,Non network or service local logon.,3,67022
"Jan 9, 2026 @ 12:28:51.755",aditys-agent,User account changed,8,60110
"Jan 9, 2026 @ 12:28:51.707",aditys-agent,Special privileges assigned to new logon.,3,67028
"Jan 9, 2026 @ 12:28:51.699",aditys-agent,Non network or service local logon.,3,67022
"Jan 9, 2026 @ 12:28:51.662",aditys-agent,Non network or service local logon.,3,67022
"Jan 9, 2026 @ 12:28:51.646",aditys-agent,User account changed,8,60110
"Jan 9, 2026 @ 12:28:49.221",aditys-agent,Software protection service scheduled successfully.,3,60642
"Jan 9, 2026 @ 12:28:49.175",aditys-agent,Software protection service scheduled successfully.,3,60642
"Jan 9, 2026 @ 12:28:49.112",aditys-agent,Software protection service scheduled successfully.,3,60642
"Jan 9, 2026 @ 12:28:49.066",aditys-agent,The database engine attached a database.,3,60798
"Jan 9, 2026 @ 12:28:49.040",aditys-agent,The database engine has completed recovery steps.,3,60809
"Jan 9, 2026 @ 12:28:49.012",aditys-agent,The database engine is replaying log file C:\Winnt\system32\wins\j50.log.,3,60808
"Jan 9, 2026 @ 12:28:48.971",aditys-agent,The database engine is initiating recovery steps.,3,60807
"Jan 9, 2026 @ 12:28:48.924",aditys-agent,The database engine is starting a new instance.,3,60805
"Jan 9, 2026 @ 12:28:48.877",aditys-agent,Software protection service scheduled successfully.,3,60642
"Jan 9, 2026 @ 12:28:48.831",aditys-agent,Software protection service scheduled successfully.,3,60642
"Jan 9, 2026 @ 12:28:48.270",aditys-agent,Special privileges assigned to new logon.,3,67028
"Jan 9, 2026 @ 12:28:48.239",aditys-agent,Non network or service local logon.,3,67022
"Jan 9, 2026 @ 12:28:48.227",aditys-agent,Non network or service local logon.,3,67022
"Jan 9, 2026 @ 12:28:48.201",aditys-agent,User account changed,8,60110
"Jan 9, 2026 @ 12:28:44.691",aditys-agent,Software protection service scheduled successfully.,3,60642
"Jan 9, 2026 @ 12:28:40.276",aditys-agent,The Windows search service started.,3,60668
"Jan 9, 2026 @ 12:28:39.421",aditys-agent,Wazuh agent started.,3,503
"Jan 9, 2026 @ 12:26:04.518",aditys-agent,The VSS service is shutting down due to a shutdown event from the service control manager.,3,60703
"Jan 9, 2026 @ 12:18:31.109",aditys-agent,Non service account logged off.,3,67023
"Jan 9, 2026 @ 12:18:31.109",aditys-agent,Non service account logged off.,3,67023
"Jan 9, 2026 @ 12:18:31.109",aditys-agent,Non service account logged off.,3,67023
"Jan 9, 2026 @ 12:18:27.921",aditys-agent,SessionEnv was unavailable to handle a notification event.,5,60775
"Jan 9, 2026 @ 12:18:27.345",aditys-agent,Windows User Logoff,3,60137
"Jan 9, 2026 @ 12:18:27.097",aditys-agent,WSearch was unavailable to handle a notification event.,5,60775
"Jan 9, 2026 @ 12:18:11.721",aditys-agent,SessionEnv was unavailable to handle a notification event.,5,60775
"Jan 9, 2026 @ 12:18:11.667",aditys-agent,Windows User Logoff,3,60137
"Jan 9, 2026 @ 12:18:11.655",aditys-agent,WSearch was unavailable to handle a notification event.,5,60775
"Jan 9, 2026 @ 12:17:58.735",aditys-agent,System shutdown initiated.,3,67018
"Jan 9, 2026 @ 12:06:55.143",aditys-agent,Summary event of the report's signatures.,4,60608
"Jan 9, 2026 @ 12:06:49.219",aditys-agent,Summary event of the report's signatures.,4,60608
"Jan 9, 2026 @ 12:06:49.219",aditys-agent,Summary event of the report's signatures.,4,60608
"Jan 9, 2026 @ 12:06:00.460",aditys-agent,Summary event of the report's signatures.,4,60608
"Jan 9, 2026 @ 12:05:17.694",aditys-agent,Software protection service scheduled successfully.,3,60642
"Jan 9, 2026 @ 12:04:56.814",aditys-agent,Summary event of the report's signatures.,4,60608
"Jan 9, 2026 @ 12:04:53.732",aditys-agent,Summary event of the report's signatures.,4,60608
"Jan 9, 2026 @ 12:04:47.911",aditys-agent,Windows System error event,5,61102
"Jan 9, 2026 @ 12:04:35.401",aditys-agent,Software protection service scheduled successfully.,3,60642
"Jan 9, 2026 @ 12:03:38.473",aditys-agent,Software protection service scheduled successfully.,3,60642
"Jan 9, 2026 @ 12:01:10.322",aditys-agent,Software protection service scheduled successfully.,3,60642
"Jan 9, 2026 @ 11:56:45.595",aditys-agent,Windows User Logoff,3,60137
"Jan 9, 2026 @ 11:56:45.588",aditys-agent,"Successful Remote Logon Detected - User:\ANONYMOUS LOGON - NTLM authentication, possible pass-the-hash attack - Possible RDP connection. Verify that WINDOWS is allowed to perform RDP connections",6,92657
"Jan 9, 2026 @ 11:54:36.815",aditys-agent,Windows User Logoff,3,60137
"Jan 9, 2026 @ 11:54:36.808",aditys-agent,"Successful Remote Logon Detected - User:\ANONYMOUS LOGON - NTLM authentication, possible pass-the-hash attack.",6,92652
"Jan 9, 2026 @ 11:54:36.797",aditys-agent,Logon Failure - Unknown user or bad password,5,60122
"Jan 9, 2026 @ 11:54:13.691",aditys-agent,Windows User Logoff,3,60137
"Jan 9, 2026 @ 11:54:13.676",aditys-agent,"Successful Remote Logon Detected - User:\ANONYMOUS LOGON - NTLM authentication, possible pass-the-hash attack.",6,92652
"Jan 9, 2026 @ 11:54:13.647",aditys-agent,Logon Failure - Unknown user or bad password,5,60122
"Jan 9, 2026 @ 11:53:30.160",aditys-agent,The VSS service is shutting down due to idle timeout.,5,60702
"Jan 9, 2026 @ 11:51:57.737",aditys-agent,Windows User Logoff,3,60137
"Jan 9, 2026 @ 11:51:57.634",aditys-agent,"Successful Remote Logon Detected - User:\ANONYMOUS LOGON - NTLM authentication, possible pass-the-hash attack - Possible RDP connection. Verify that WINDOWS is allowed to perform RDP connections",6,92657
"Jan 9, 2026 @ 11:50:30.907",aditys-agent,Service startup type was changed,3,61104
"Jan 9, 2026 @ 11:50:30.907",aditys-agent,Service startup type was changed,3,61104
"Jan 9, 2026 @ 11:50:30.185",aditys-agent,"Skipped creation of restore point for C:\\Windows\\winsxs\\amd64_microsoft-windows-servicingstack_31bf3856ad364e35_10.0.19041.6465_none_7e0fb53c7c8be091\\TiWorker.exe -Embedding, Windows Modules Installer as there is a previous restore point available.",4,60716
"Jan 9, 2026 @ 11:47:37.449",aditys-agent,Software protection service scheduled successfully.,3,60642
"Jan 9, 2026 @ 11:47:37.403",aditys-agent,The VSS service is shutting down due to idle timeout.,5,60702
"Jan 9, 2026 @ 11:47:37.401",aditys-agent,Software protection service scheduled successfully.,3,60642
"Jan 9, 2026 @ 11:47:37.348",aditys-agent,Software protection service scheduled successfully.,3,60642
"Jan 9, 2026 @ 11:47:37.017",aditys-agent,Software protection service scheduled successfully.,3,60642
"Jan 9, 2026 @ 11:47:36.999",aditys-agent,Software protection service scheduled successfully.,3,60642
"Jan 9, 2026 @ 11:47:36.999",aditys-agent,"Skipped creation of restore point for C:\\Windows\\winsxs\\amd64_microsoft-windows-servicingstack_31bf3856ad364e35_10.0.19041.6151_none_7e2f7fd67c740ce3\\TiWorker.exe -Embedding, Windows Modules Installer as there is a previous restore point available.",4,60716
"Jan 9, 2026 @ 11:47:36.634",aditys-agent,The VSS service is shutting down due to idle timeout.,5,60702
"Jan 9, 2026 @ 11:47:36.584",aditys-agent,"Skipped creation of restore point for C:\\Windows\\winsxs\\amd64_microsoft-windows-servicingstack_31bf3856ad364e35_10.0.19041.6151_none_7e2f7fd67c740ce3\\TiWorker.exe -Embedding, Windows Modules Installer as there is a previous restore point available.",4,60716
"Jan 9, 2026 @ 11:47:36.565",aditys-agent,The VSS service is shutting down due to idle timeout.,5,60702
"Jan 9, 2026 @ 11:47:36.549",aditys-agent,Software protection service scheduled successfully.,3,60642
"Jan 9, 2026 @ 11:47:36.540",aditys-agent,Summary event of the report's signatures.,4,60608
"Jan 9, 2026 @ 11:47:36.532",aditys-agent,Summary event of the report's signatures.,4,60608
"Jan 9, 2026 @ 11:47:36.484",aditys-agent,Software protection service scheduled successfully.,3,60642
"Jan 9, 2026 @ 11:47:36.455",aditys-agent,Software protection service scheduled successfully.,3,60642
"Jan 9, 2026 @ 11:47:36.436",aditys-agent,Software protection service scheduled successfully.,3,60642
"Jan 9, 2026 @ 11:47:36.400",aditys-agent,Software protection service scheduled successfully.,3,60642
"Jan 9, 2026 @ 11:47:36.304",aditys-agent,SessionEnv was unavailable to handle a notification event.,5,60775
"Jan 9, 2026 @ 11:47:34.768",aditys-agent,SessionEnv was unavailable to handle a critical notification event.,7,60776
"Jan 9, 2026 @ 11:47:34.734",aditys-agent,SessionEnv was unavailable to handle a notification event.,5,60775
"Jan 9, 2026 @ 11:47:34.733",aditys-agent,Software protection service scheduled successfully.,3,60642
"Jan 9, 2026 @ 11:47:34.568",aditys-agent,SessionEnv was unavailable to handle a notification event.,5,60775
"Jan 9, 2026 @ 11:47:30.518",aditys-agent,Special privileges assigned to new logon.,3,67028
"Jan 9, 2026 @ 11:47:30.507",aditys-agent,Special privileges assigned to new logon.,3,67028
"Jan 9, 2026 @ 11:47:30.502",aditys-agent,Non network or service local logon.,3,67022
"Jan 9, 2026 @ 11:47:30.490",aditys-agent,Non network or service local logon.,3,67022
"Jan 9, 2026 @ 11:47:30.456",aditys-agent,Non network or service local logon.,3,67022
"Jan 9, 2026 @ 11:47:30.449",aditys-agent,Non service account logged off.,3,67023
"Jan 9, 2026 @ 11:47:30.448",aditys-agent,Special privileges assigned to new logon.,3,67028
"Jan 9, 2026 @ 11:47:30.447",aditys-agent,Non service account logged off.,3,67023
"Jan 9, 2026 @ 11:47:30.446",aditys-agent,Non network or service local logon.,3,67022
"Jan 9, 2026 @ 11:47:30.437",aditys-agent,Non network or service local logon.,3,67022
"Jan 9, 2026 @ 11:47:30.434",aditys-agent,User account changed,8,60110
"Jan 9, 2026 @ 11:47:30.283",aditys-agent,Special privileges assigned to new logon.,3,67028
"Jan 9, 2026 @ 11:47:30.268",aditys-agent,Non network or service local logon.,3,67022
"Jan 9, 2026 @ 11:47:30.258",aditys-agent,Non network or service local logon.,3,67022
"Jan 9, 2026 @ 11:47:30.236",aditys-agent,User account changed,8,60110
"Jan 9, 2026 @ 11:47:26.887",aditys-agent,Service startup type was changed,3,61104
"Jan 9, 2026 @ 11:47:26.569",aditys-agent,Service startup type was changed,3,61104
"Jan 9, 2026 @ 11:47:26.553",aditys-agent,Service startup type was changed,3,61104
"Jan 9, 2026 @ 11:47:26.462",aditys-agent,Service startup type was changed,3,61104
"Jan 9, 2026 @ 11:47:26.457",aditys-agent,Service startup type was changed,3,61104
"Jan 9, 2026 @ 11:47:26.320",aditys-agent,Service startup type was changed,3,61104
"Jan 9, 2026 @ 11:47:26.285",aditys-agent,Service startup type was changed,3,61104
"Jan 9, 2026 @ 11:47:26.225",aditys-agent,Windows System error event,5,61102
"Jan 9, 2026 @ 11:47:24.162",aditys-agent,Special privileges assigned to new logon.,3,67028
"Jan 9, 2026 @ 11:47:24.161",aditys-agent,Windows Workstation Logon Success,3,60118
"Jan 9, 2026 @ 11:47:24.154",aditys-agent,Windows Workstation Logon Success,3,60118
"Jan 9, 2026 @ 11:47:22.702",aditys-agent,Wazuh agent started.,3,503
"Jan 9, 2026 @ 11:41:20.797",aditys-agent,Wazuh agent disconnected.,3,504
"Jan 9, 2026 @ 11:14:30.882",aditys-agent,Non service account logged off.,3,67023
"Jan 9, 2026 @ 11:14:30.876",aditys-agent,Non service account logged off.,3,67023
"Jan 9, 2026 @ 11:14:30.876",aditys-agent,Non service account logged off.,3,67023
"Jan 9, 2026 @ 11:14:29.844",aditys-agent,SessionEnv was unavailable to handle a notification event.,5,60775
"Jan 9, 2026 @ 11:14:29.218",aditys-agent,SessionEnv was unavailable to handle a notification event.,5,60775
"Jan 9, 2026 @ 11:14:26.657",aditys-agent,Windows User Logoff,3,60137
"Jan 9, 2026 @ 11:14:25.759",aditys-agent,WSearch was unavailable to handle a notification event.,5,60775
"Jan 9, 2026 @ 11:14:23.881",aditys-agent,Windows System error event,5,61102
"Jan 9, 2026 @ 11:14:20.513",aditys-agent,WSearch was unavailable to handle a notification event.,5,60775
"Jan 9, 2026 @ 11:14:19.663",aditys-agent,Windows User Logoff,3,60137
"Jan 9, 2026 @ 11:14:17.818",aditys-agent,Windows System error event,5,61102
"Jan 9, 2026 @ 11:14:17.811",aditys-agent,Windows System error event,5,61102
"Jan 9, 2026 @ 11:14:07.970",aditys-agent,Windows System error event,5,61102
"Jan 9, 2026 @ 11:14:05.665",aditys-agent,System shutdown initiated.,3,67018
"Jan 9, 2026 @ 11:12:55.701",aditys-agent,The VSS service is shutting down due to idle timeout.,5,60702
"Jan 9, 2026 @ 11:12:44.995",aditys-agent,Software protection service scheduled successfully.,3,60642
"Jan 9, 2026 @ 11:12:27.026",aditys-agent,SessionEnv was unavailable to handle a notification event.,5,60775
"Jan 9, 2026 @ 11:12:06.780",aditys-agent,SessionEnv was unavailable to handle a notification event.,5,60775
"Jan 9, 2026 @ 11:11:59.934",aditys-agent,SessionEnv was unavailable to handle a critical notification event.,7,60776
"Jan 9, 2026 @ 11:11:56.779",aditys-agent,Special privileges assigned to new logon.,3,67028
"Jan 9, 2026 @ 11:11:56.766",aditys-agent,Special privileges assigned to new logon.,3,67028
"Jan 9, 2026 @ 11:11:56.748",aditys-agent,Non network or service local logon.,3,67022
"Jan 9, 2026 @ 11:11:56.733",aditys-agent,Non network or service local logon.,3,67022
"Jan 9, 2026 @ 11:11:56.701",aditys-agent,Non network or service local logon.,3,67022
"Jan 9, 2026 @ 11:11:56.670",aditys-agent,Special privileges assigned to new logon.,3,67028
"Jan 9, 2026 @ 11:11:56.655",aditys-agent,Windows Workstation Logon Success,3,60118
"Jan 9, 2026 @ 11:11:56.645",aditys-agent,Windows Workstation Logon Success,3,60118
"Jan 9, 2026 @ 11:11:32.884",aditys-agent,Logon Failure - Unknown user or bad password,5,60122
"Jan 9, 2026 @ 11:11:09.937",aditys-agent,Logon Failure - Unknown user or bad password,5,60122
"Jan 9, 2026 @ 11:11:07.750",aditys-agent,Logon Failure - Unknown user or bad password,5,60122
"Jan 9, 2026 @ 11:11:05.849",aditys-agent,Logon Failure - Unknown user or bad password,5,60122
"Jan 9, 2026 @ 11:11:03.004",aditys-agent,Logon Failure - Unknown user or bad password,5,60122
"Jan 9, 2026 @ 11:08:07.501",aditys-agent,Non service account logged off.,3,67023
"Jan 9, 2026 @ 11:08:07.501",aditys-agent,Non service account logged off.,3,67023
"Jan 9, 2026 @ 11:08:07.501",aditys-agent,Non service account logged off.,3,67023
"Jan 9, 2026 @ 11:08:07.500",aditys-agent,Non service account logged off.,3,67023
"Jan 9, 2026 @ 11:08:07.355",aditys-agent,Special privileges assigned to new logon.,3,67028
"Jan 9, 2026 @ 11:08:07.339",aditys-agent,Non network or service local logon.,3,67022
"Jan 9, 2026 @ 11:08:07.323",aditys-agent,Non network or service local logon.,3,67022
"Jan 9, 2026 @ 11:08:07.320",aditys-agent,User account changed,8,60110
"Jan 9, 2026 @ 11:08:07.264",aditys-agent,Special privileges assigned to new logon.,3,67028
"Jan 9, 2026 @ 11:08:07.260",aditys-agent,Non network or service local logon.,3,67022
"Jan 9, 2026 @ 11:08:07.260",aditys-agent,Non network or service local logon.,3,67022
"Jan 9, 2026 @ 11:08:07.259",aditys-agent,User account changed,8,60110
"Jan 9, 2026 @ 11:07:11.674",aditys-agent,Logon Failure - Unknown user or bad password,5,60122
"Jan 9, 2026 @ 11:07:09.432",aditys-agent,Logon Failure - Unknown user or bad password,5,60122
"Jan 9, 2026 @ 11:07:06.982",aditys-agent,Logon Failure - Unknown user or bad password,5,60122
"Jan 9, 2026 @ 11:07:04.389",aditys-agent,Logon Failure - Unknown user or bad password,5,60122
"Jan 9, 2026 @ 11:06:39.370",aditys-agent,The VSS service is shutting down due to idle timeout.,5,60702
"Jan 9, 2026 @ 11:06:25.687",aditys-agent,Software protection service scheduled successfully.,3,60642
"Jan 9, 2026 @ 11:03:09.072",aditys-agent,Service startup type was changed,3,61104
"Jan 9, 2026 @ 11:01:30.237",aditys-agent,Restore point successfully created.,3,60718
"Jan 9, 2026 @ 11:01:30.237",aditys-agent,Software protection service scheduled successfully.,3,60642
"Jan 9, 2026 @ 11:01:00.662",aditys-agent,Service startup type was changed,3,61104
"Jan 9, 2026 @ 11:00:03.749",aditys-agent,Software protection service scheduled successfully.,3,60642
"Jan 9, 2026 @ 10:58:25.318",aditys-agent,Software protection service scheduled successfully.,3,60642
"Jan 9, 2026 @ 10:57:18.655",aditys-agent,Service startup type was changed,3,61104
"Jan 9, 2026 @ 10:55:19.358",aditys-agent,Summary event of the report's signatures.,4,60608
"Jan 9, 2026 @ 10:55:05.800",aditys-agent,Summary event of the report's signatures.,4,60608
"Jan 9, 2026 @ 10:55:05.738",aditys-agent,Summary event of the report's signatures.,4,60608
"Jan 9, 2026 @ 10:54:52.834",aditys-agent,The VSS service is shutting down due to idle timeout.,5,60702
"Jan 9, 2026 @ 10:42:43.929",aditys-agent,Wazuh agent started.,3,503
"Jan 9, 2026 @ 10:42:26.586",aditys-agent,Wazuh agent stopped.,3,506
"Jan 9, 2026 @ 10:41:28.361",aditys-agent,Registry Key Integrity Checksum Changed,5,594
"Jan 9, 2026 @ 10:41:28.153",aditys-agent,Registry Key Integrity Checksum Changed,5,594
"Jan 9, 2026 @ 10:41:28.068",aditys-agent,Registry Value Integrity Checksum Changed,5,750
"Jan 9, 2026 @ 10:41:28.064",aditys-agent,Registry Value Integrity Checksum Changed,5,750
"Jan 9, 2026 @ 10:41:27.968",aditys-agent,Registry Value Integrity Checksum Changed,5,750
"Jan 9, 2026 @ 10:41:27.954",aditys-agent,Registry Key Integrity Checksum Changed,5,594
"Jan 9, 2026 @ 10:41:27.953",aditys-agent,Registry Value Integrity Checksum Changed,5,750
"Jan 9, 2026 @ 10:41:27.953",aditys-agent,Registry Key Integrity Checksum Changed,5,594
"Jan 9, 2026 @ 10:41:27.891",aditys-agent,Registry Key Integrity Checksum Changed,5,594
"Jan 9, 2026 @ 10:41:27.840",aditys-agent,Registry Key Entry Added to the System,5,598
"Jan 9, 2026 @ 10:41:27.315",aditys-agent,Registry Value Integrity Checksum Changed,5,750
"Jan 9, 2026 @ 10:41:27.307",aditys-agent,Registry Key Integrity Checksum Changed,5,594
"Jan 9, 2026 @ 10:41:27.132",aditys-agent,Registry Key Integrity Checksum Changed,5,594
"Jan 9, 2026 @ 10:41:27.094",aditys-agent,Registry Key Integrity Checksum Changed,5,594
"Jan 9, 2026 @ 10:41:26.291",aditys-agent,Registry Key Integrity Checksum Changed,5,594
"Jan 9, 2026 @ 10:41:26.288",aditys-agent,Registry Key Integrity Checksum Changed,5,594
"Jan 9, 2026 @ 10:41:26.215",aditys-agent,Registry Value Integrity Checksum Changed,5,750
"Jan 9, 2026 @ 10:41:26.000",aditys-agent,Registry Value Integrity Checksum Changed,5,750
"Jan 9, 2026 @ 10:41:25.984",aditys-agent,Registry Value Integrity Checksum Changed,5,750
"Jan 9, 2026 @ 10:41:25.974",aditys-agent,Registry Value Integrity Checksum Changed,5,750
"Jan 9, 2026 @ 10:41:25.974",aditys-agent,Registry Value Integrity Checksum Changed,5,750
"Jan 9, 2026 @ 10:41:25.967",aditys-agent,Registry Key Integrity Checksum Changed,5,594
"Jan 9, 2026 @ 10:41:25.886",aditys-agent,Registry Key Integrity Checksum Changed,5,594
"Jan 9, 2026 @ 10:41:25.711",aditys-agent,Registry Value Integrity Checksum Changed,5,750
"Jan 9, 2026 @ 10:41:25.691",aditys-agent,Registry Key Integrity Checksum Changed,5,594
"Jan 9, 2026 @ 10:41:25.089",aditys-agent,Registry Value Integrity Checksum Changed,5,750
"Jan 9, 2026 @ 10:41:25.082",aditys-agent,Registry Key Integrity Checksum Changed,5,594
"Jan 9, 2026 @ 10:41:25.082",aditys-agent,Registry Value Integrity Checksum Changed,5,750
"Jan 9, 2026 @ 10:41:25.062",aditys-agent,Registry Key Integrity Checksum Changed,5,594
"Jan 9, 2026 @ 10:41:23.739",aditys-agent,Registry Key Integrity Checksum Changed,5,594
"Jan 9, 2026 @ 10:41:23.402",aditys-agent,Registry Value Integrity Checksum Changed,5,750
"Jan 9, 2026 @ 10:41:23.395",aditys-agent,Registry Key Integrity Checksum Changed,5,594
"Jan 9, 2026 @ 10:41:23.337",aditys-agent,Registry Key Integrity Checksum Changed,5,594
"Jan 9, 2026 @ 10:41:23.312",aditys-agent,Registry Key Integrity Checksum Changed,5,594
"Jan 9, 2026 @ 10:41:23.290",aditys-agent,Registry Key Integrity Checksum Changed,5,594
"Jan 9, 2026 @ 10:41:23.282",aditys-agent,Registry Key Integrity Checksum Changed,5,594
"Jan 9, 2026 @ 10:41:23.063",aditys-agent,Registry Key Integrity Checksum Changed,5,594
"Jan 9, 2026 @ 10:41:22.175",aditys-agent,Registry Key Integrity Checksum Changed,5,594
"Jan 9, 2026 @ 10:41:21.947",aditys-agent,Registry Value Integrity Checksum Changed,5,750
"Jan 9, 2026 @ 10:41:21.939",aditys-agent,Registry Key Integrity Checksum Changed,5,594
"Jan 9, 2026 @ 10:41:20.669",aditys-agent,Registry Value Integrity Checksum Changed,5,750
"Jan 9, 2026 @ 10:41:20.656",aditys-agent,Registry Value Integrity Checksum Changed,5,750
"Jan 9, 2026 @ 10:41:20.552",aditys-agent,Registry Key Integrity Checksum Changed,5,594
"Jan 9, 2026 @ 10:41:20.359",aditys-agent,Registry Value Integrity Checksum Changed,5,750
"Jan 9, 2026 @ 10:41:20.352",aditys-agent,Registry Key Integrity Checksum Changed,5,594
"Jan 9, 2026 @ 10:41:20.336",aditys-agent,Registry Key Integrity Checksum Changed,5,594
"Jan 9, 2026 @ 10:41:20.327",aditys-agent,Registry Key Integrity Checksum Changed,5,594
"Jan 9, 2026 @ 10:41:20.247",aditys-agent,Registry Key Integrity Checksum Changed,5,594
"Jan 9, 2026 @ 10:41:20.235",aditys-agent,Registry Key Integrity Checksum Changed,5,594
"Jan 9, 2026 @ 10:41:20.217",aditys-agent,Registry Value Integrity Checksum Changed,5,750
"Jan 9, 2026 @ 10:41:20.200",aditys-agent,Registry Key Integrity Checksum Changed,5,594
"Jan 9, 2026 @ 10:41:20.187",aditys-agent,Registry Key Entry Added to the System,5,598
"Jan 9, 2026 @ 10:41:20.179",aditys-agent,Registry Key Entry Added to the System,5,598
"Jan 9, 2026 @ 10:41:20.153",aditys-agent,Registry Key Entry Added to the System,5,598
"Jan 9, 2026 @ 10:41:20.143",aditys-agent,Registry Key Entry Added to the System,5,598
"Jan 9, 2026 @ 10:41:20.123",aditys-agent,Registry Value Entry Added to the System,5,752
"Jan 9, 2026 @ 10:41:20.112",aditys-agent,Registry Key Entry Added to the System,5,598
"Jan 9, 2026 @ 10:41:20.105",aditys-agent,Registry Value Entry Added to the System,5,752
"Jan 9, 2026 @ 10:41:20.077",aditys-agent,Registry Key Entry Added to the System,5,598
"Jan 9, 2026 @ 10:41:20.063",aditys-agent,Registry Value Entry Added to the System,5,752
"Jan 9, 2026 @ 10:41:20.049",aditys-agent,Registry Key Entry Added to the System,5,598
"Jan 9, 2026 @ 10:41:20.040",aditys-agent,Registry Value Entry Added to the System,5,752
"Jan 9, 2026 @ 10:41:20.029",aditys-agent,Registry Key Entry Added to the System,5,598
"Jan 9, 2026 @ 10:41:20.021",aditys-agent,Registry Key Entry Added to the System,5,598
"Jan 9, 2026 @ 10:41:19.297",aditys-agent,Registry Value Entry Added to the System,5,752
"Jan 9, 2026 @ 10:41:19.279",aditys-agent,Registry Key Entry Added to the System,5,598
"Jan 9, 2026 @ 10:41:19.268",aditys-agent,Registry Key Entry Added to the System,5,598
"Jan 9, 2026 @ 10:41:19.260",aditys-agent,Registry Value Entry Added to the System,5,752
"Jan 9, 2026 @ 10:41:19.232",aditys-agent,Registry Key Entry Added to the System,5,598
"Jan 9, 2026 @ 10:41:19.223",aditys-agent,Registry Key Entry Added to the System,5,598
"Jan 9, 2026 @ 10:41:19.201",aditys-agent,Registry Key Entry Added to the System,5,598
"Jan 9, 2026 @ 10:41:19.189",aditys-agent,Registry Value Entry Added to the System,5,752
"Jan 9, 2026 @ 10:41:19.170",aditys-agent,Registry Key Entry Added to the System,5,598
"Jan 9, 2026 @ 10:41:19.156",aditys-agent,Registry Key Entry Added to the System,5,598
"Jan 9, 2026 @ 10:41:19.138",aditys-agent,Registry Value Entry Added to the System,5,752
"Jan 9, 2026 @ 10:41:19.123",aditys-agent,Registry Key Entry Added to the System,5,598
"Jan 9, 2026 @ 10:41:19.109",aditys-agent,Registry Key Entry Added to the System,5,598
"Jan 9, 2026 @ 10:41:19.102",aditys-agent,Registry Value Entry Added to the System,5,752
"Jan 9, 2026 @ 10:41:19.077",aditys-agent,Registry Key Entry Added to the System,5,598
"Jan 9, 2026 @ 10:41:19.069",aditys-agent,Registry Value Entry Added to the System,5,752
"Jan 9, 2026 @ 10:41:19.044",aditys-agent,Registry Key Entry Added to the System,5,598
"Jan 9, 2026 @ 10:41:19.029",aditys-agent,Registry Key Entry Added to the System,5,598
"Jan 9, 2026 @ 10:41:19.016",aditys-agent,Registry Value Entry Added to the System,5,752
"Jan 9, 2026 @ 10:41:19.001",aditys-agent,Registry Key Entry Added to the System,5,598
"Jan 9, 2026 @ 10:41:19.001",aditys-agent,Registry Value Entry Added to the System,5,752
"Jan 9, 2026 @ 10:41:18.993",aditys-agent,Registry Key Entry Added to the System,5,598
"Jan 9, 2026 @ 10:41:18.689",aditys-agent,Registry Key Integrity Checksum Changed,5,594
"Jan 9, 2026 @ 10:41:18.676",aditys-agent,Registry Value Integrity Checksum Changed,5,750
"Jan 9, 2026 @ 10:41:18.672",aditys-agent,Registry Value Integrity Checksum Changed,5,750
"Jan 9, 2026 @ 10:41:18.666",aditys-agent,Registry Value Integrity Checksum Changed,5,750
"Jan 9, 2026 @ 10:41:18.663",aditys-agent,Registry Value Integrity Checksum Changed,5,750
"Jan 9, 2026 @ 10:41:18.658",aditys-agent,Registry Value Integrity Checksum Changed,5,750
"Jan 9, 2026 @ 10:41:18.564",aditys-agent,Registry Value Integrity Checksum Changed,5,750
"Jan 9, 2026 @ 10:41:18.563",aditys-agent,Registry Value Integrity Checksum Changed,5,750
"Jan 9, 2026 @ 10:41:18.560",aditys-agent,Registry Value Integrity Checksum Changed,5,750
"Jan 9, 2026 @ 10:41:18.555",aditys-agent,Registry Value Integrity Checksum Changed,5,750
"Jan 9, 2026 @ 10:41:18.420",aditys-agent,Registry Value Integrity Checksum Changed,5,750
"Jan 9, 2026 @ 10:41:18.372",aditys-agent,Registry Value Integrity Checksum Changed,5,750
"Jan 9, 2026 @ 10:41:18.365",aditys-agent,Registry Value Integrity Checksum Changed,5,750
"Jan 9, 2026 @ 10:41:18.223",aditys-agent,Registry Value Integrity Checksum Changed,5,750
"Jan 9, 2026 @ 10:41:18.124",aditys-agent,Registry Value Integrity Checksum Changed,5,750
"Jan 9, 2026 @ 10:41:18.118",aditys-agent,Registry Key Integrity Checksum Changed,5,594
"Jan 9, 2026 @ 10:41:18.117",aditys-agent,Registry Value Integrity Checksum Changed,5,750
"Jan 9, 2026 @ 10:41:18.110",aditys-agent,Registry Key Integrity Checksum Changed,5,594
"Jan 9, 2026 @ 10:41:17.858",aditys-agent,Registry Key Integrity Checksum Changed,5,594
"Jan 9, 2026 @ 10:41:17.843",aditys-agent,Registry Value Integrity Checksum Changed,5,750
"Jan 9, 2026 @ 10:41:17.834",aditys-agent,Registry Value Integrity Checksum Changed,5,750
"Jan 9, 2026 @ 10:41:17.824",aditys-agent,Registry Value Integrity Checksum Changed,5,750
"Jan 9, 2026 @ 10:41:17.813",aditys-agent,Registry Key Integrity Checksum Changed,5,594
"Jan 9, 2026 @ 10:41:12.081",aditys-agent,Registry Key Integrity Checksum Changed,5,594
"Jan 9, 2026 @ 10:41:11.890",aditys-agent,Registry Key Integrity Checksum Changed,5,594
"Jan 9, 2026 @ 10:41:10.538",aditys-agent,Software protection service scheduled successfully.,3,60642
"Jan 9, 2026 @ 10:41:10.520",aditys-agent,Software protection service scheduled successfully.,3,60642
"Jan 9, 2026 @ 10:41:10.471",aditys-agent,Software protection service scheduled successfully.,3,60642
"Jan 9, 2026 @ 10:41:09.859",aditys-agent,Service startup type was changed,3,61104
"Jan 9, 2026 @ 10:41:09.750",aditys-agent,Service startup type was changed,3,61104
"Jan 9, 2026 @ 10:41:09.686",aditys-agent,Service startup type was changed,3,61104
"Jan 9, 2026 @ 10:41:09.686",aditys-agent,Service startup type was changed,3,61104
"Jan 8, 2026 @ 16:17:27.923",aditys-agent,Wazuh agent disconnected.,3,504
"Jan 8, 2026 @ 15:47:49.075",aditys-agent,Service startup type was changed,3,61104
"Jan 8, 2026 @ 14:23:28.518",aditys-agent,Software protection service scheduled successfully.,3,60642
"Jan 8, 2026 @ 14:23:28.516",aditys-agent,Software protection service scheduled successfully.,3,60642
"Jan 8, 2026 @ 14:23:28.516",aditys-agent,Software protection service scheduled successfully.,3,60642
"Jan 8, 2026 @ 14:23:28.516",aditys-agent,Software protection service scheduled successfully.,3,60642
"Jan 8, 2026 @ 14:23:28.076",aditys-agent,Software protection service scheduled successfully.,3,60642
"Jan 8, 2026 @ 14:23:28.040",aditys-agent,Software protection service scheduled successfully.,3,60642
"Jan 8, 2026 @ 10:20:36.381",aditys-agent,Wazuh agent disconnected.,3,504
"Jan 8, 2026 @ 10:20:36.381",aditys-agent,Wazuh agent disconnected.,3,504
"Jan 8, 2026 @ 09:56:25.070",aditys-agent,Name resolution for the name v20.events.data.microsoft.com timed out,5,61109
"Jan 8, 2026 @ 09:56:25.070",aditys-agent,Name resolution for the name v20.events.data.microsoft.com timed out,5,61109
"Jan 8, 2026 @ 09:51:26.426",aditys-agent,Name resolution for the name client.wns.windows.com timed out,5,61109
"Jan 8, 2026 @ 09:51:26.426",aditys-agent,Name resolution for the name client.wns.windows.com timed out,5,61109
"Jan 8, 2026 @ 09:40:42.023",aditys-agent,Software protection service scheduled successfully.,3,60642
"Jan 8, 2026 @ 09:40:42.023",aditys-agent,Software protection service scheduled successfully.,3,60642
"Jan 8, 2026 @ 09:35:32.257",aditys-agent,Software protection service scheduled successfully.,3,60642
"Jan 8, 2026 @ 09:35:32.257",aditys-agent,Software protection service scheduled successfully.,3,60642
"Jan 8, 2026 @ 09:32:49.645",aditys-agent,Software protection service scheduled successfully.,3,60642
"Jan 8, 2026 @ 09:32:49.645",aditys-agent,Software protection service scheduled successfully.,3,60642
"Jan 8, 2026 @ 08:16:28.642",aditys-agent,The VSS service is shutting down due to idle timeout.,5,60702
"Jan 8, 2026 @ 08:16:28.642",aditys-agent,The VSS service is shutting down due to idle timeout.,5,60702
"Jan 8, 2026 @ 08:16:28.610",aditys-agent,Windows application error event.,9,60602
"Jan 8, 2026 @ 08:16:28.610",aditys-agent,Windows application error event.,9,60602
"Jan 8, 2026 @ 08:16:28.579",aditys-agent,Windows application error event.,9,60602
"Jan 8, 2026 @ 08:16:28.579",aditys-agent,Windows application error event.,9,60602
"Jan 8, 2026 @ 08:16:28.551",aditys-agent,Windows application error event.,9,60602
"Jan 8, 2026 @ 08:16:28.551",aditys-agent,Windows application error event.,9,60602
"Jan 8, 2026 @ 08:16:28.533",aditys-agent,Windows application error event.,9,60602
"Jan 8, 2026 @ 08:16:28.533",aditys-agent,Windows application error event.,9,60602
"Jan 8, 2026 @ 08:16:28.488",aditys-agent,Windows application error event.,9,60602
"Jan 8, 2026 @ 08:16:28.488",aditys-agent,Windows application error event.,9,60602
"Jan 8, 2026 @ 08:16:28.466",aditys-agent,Software protection service scheduled successfully.,3,60642
"Jan 8, 2026 @ 08:16:28.466",aditys-agent,Software protection service scheduled successfully.,3,60642
"Jan 8, 2026 @ 08:16:28.407",aditys-agent,Software protection service scheduled successfully.,3,60642
"Jan 8, 2026 @ 08:16:28.407",aditys-agent,Software protection service scheduled successfully.,3,60642
"Jan 8, 2026 @ 08:16:28.346",aditys-agent,Software protection service scheduled successfully.,3,60642
"Jan 8, 2026 @ 08:16:28.346",aditys-agent,Software protection service scheduled successfully.,3,60642
"Jan 8, 2026 @ 08:16:28.313",aditys-agent,Software protection service scheduled successfully.,3,60642
"Jan 8, 2026 @ 08:16:28.313",aditys-agent,Software protection service scheduled successfully.,3,60642
"Jan 8, 2026 @ 08:16:28.282",aditys-agent,Software protection service scheduled successfully.,3,60642
"Jan 8, 2026 @ 08:16:28.282",aditys-agent,Software protection service scheduled successfully.,3,60642
"Jan 8, 2026 @ 08:16:28.251",aditys-agent,Software protection service scheduled successfully.,3,60642
"Jan 8, 2026 @ 08:16:28.251",aditys-agent,Software protection service scheduled successfully.,3,60642
"Jan 8, 2026 @ 08:16:28.221",aditys-agent,Software protection service scheduled successfully.,3,60642
"Jan 8, 2026 @ 08:16:28.221",aditys-agent,Software protection service scheduled successfully.,3,60642
"Jan 8, 2026 @ 08:16:27.188",aditys-agent,Software protection service scheduled successfully.,3,60642
"Jan 8, 2026 @ 08:16:27.188",aditys-agent,Software protection service scheduled successfully.,3,60642
"Jan 8, 2026 @ 08:16:17.267",aditys-agent,Non service account logged off.,3,67023
"Jan 8, 2026 @ 08:16:17.267",aditys-agent,Non service account logged off.,3,67023
"Jan 8, 2026 @ 08:16:17.253",aditys-agent,Non service account logged off.,3,67023
"Jan 8, 2026 @ 08:16:17.253",aditys-agent,Non service account logged off.,3,67023
"Jan 8, 2026 @ 08:16:17.236",aditys-agent,Non service account logged off.,3,67023
"Jan 8, 2026 @ 08:16:17.236",aditys-agent,Non service account logged off.,3,67023
"Jan 8, 2026 @ 08:16:17.220",aditys-agent,Non service account logged off.,3,67023
"Jan 8, 2026 @ 08:16:17.220",aditys-agent,Non service account logged off.,3,67023
"Jan 8, 2026 @ 08:16:17.205",aditys-agent,Special privileges assigned to new logon.,3,67028
"Jan 8, 2026 @ 08:16:17.205",aditys-agent,Special privileges assigned to new logon.,3,67028
"Jan 8, 2026 @ 08:16:17.191",aditys-agent,Non network or service local logon.,3,67022
"Jan 8, 2026 @ 08:16:17.191",aditys-agent,Non network or service local logon.,3,67022
"Jan 8, 2026 @ 08:16:17.174",aditys-agent,Non network or service local logon.,3,67022
"Jan 8, 2026 @ 08:16:17.174",aditys-agent,Non network or service local logon.,3,67022
"Jan 8, 2026 @ 08:16:17.142",aditys-agent,User account changed,8,60110
"Jan 8, 2026 @ 08:16:17.142",aditys-agent,User account changed,8,60110
"Jan 8, 2026 @ 08:16:17.095",aditys-agent,Special privileges assigned to new logon.,3,67028
"Jan 8, 2026 @ 08:16:17.095",aditys-agent,Special privileges assigned to new logon.,3,67028
"Jan 8, 2026 @ 08:16:17.082",aditys-agent,Non network or service local logon.,3,67022
"Jan 8, 2026 @ 08:16:17.082",aditys-agent,Non network or service local logon.,3,67022
"Jan 8, 2026 @ 08:16:17.064",aditys-agent,Non network or service local logon.,3,67022
"Jan 8, 2026 @ 08:16:17.064",aditys-agent,Non network or service local logon.,3,67022
"Jan 8, 2026 @ 08:16:17.033",aditys-agent,User account changed,8,60110
"Jan 8, 2026 @ 08:16:17.033",aditys-agent,User account changed,8,60110
"Jan 8, 2026 @ 08:16:12.412",aditys-agent,Wazuh agent started.,3,503
"Jan 8, 2026 @ 08:16:12.412",aditys-agent,Wazuh agent started.,3,503